,learning rate scheduler,agent,optimiseur,moyenne,écart-type,durée d'apprentissage
0,None,AgentDQN,SGD,-134.70784040338452,107.5093518746988,111.44352698326111
1,ExponentialLR,AgentDQN,SGD,-132.60059199101931,106.30652806575957,117.76105809211731
2,None,AgentDQNTarget,SGD,-131.68405798221897,105.94850909727968,126.49993395805359
3,ExponentialLR,AgentDQNTarget,SGD,-133.0296719757197,105.89594740704449,121.52287578582764
4,None,AgentDQNTarget,Adam,249.4838549469062,104.49106500168186,1054.2654337882996
5,ExponentialLR,AgentDQN,Adam,248.48384420335012,108.03229549519976,1196.8204140663147
6,ExponentialLR,AgentDQNTarget,Adam,264.3641507110165,101.69833853700779,1108.4401021003723
7,None,AgentDQN,Adam,231.76894337281595,105.65371342223908,1229.5374600887299
